-- MEMBER INFO
INSERT INTO MEMBER_INFO (MEMBER_ID, MEMBER_BALANCE) VALUES(1, 100000);
INSERT INTO MEMBER_INFO (MEMBER_ID, MEMBER_BALANCE) VALUES(2, 200000);
INSERT INTO MEMBER_INFO (MEMBER_ID, MEMBER_BALANCE) VALUES(3, 300000);

-- PRODUCT INFO
INSERT INTO PRODUCT_INFO (PRODUCT_ID, PRODUCT_NAME) VALUES(1, '모니터');
INSERT INTO PRODUCT_INFO (PRODUCT_ID, PRODUCT_NAME) VALUES(2, '컴퓨터');
INSERT INTO PRODUCT_INFO (PRODUCT_ID, PRODUCT_NAME) VALUES(3, '선풍기');
INSERT INTO PRODUCT_INFO (PRODUCT_ID, PRODUCT_NAME) VALUES(4, '키보드');
INSERT INTO PRODUCT_INFO (PRODUCT_ID, PRODUCT_NAME) VALUES(5, '핸드폰');
INSERT INTO PRODUCT_INFO (PRODUCT_ID, PRODUCT_NAME) VALUES(6, '마우스');
INSERT INTO PRODUCT_INFO (PRODUCT_ID, PRODUCT_NAME) VALUES(7, '전화기');
INSERT INTO PRODUCT_INFO (PRODUCT_ID, PRODUCT_NAME) VALUES(8, '의자');
INSERT INTO PRODUCT_INFO (PRODUCT_ID, PRODUCT_NAME) VALUES(9, '세탁기');
INSERT INTO PRODUCT_INFO (PRODUCT_ID, PRODUCT_NAME) VALUES(10, 'TV');

-- PRODUCT OPTION INFO
INSERT INTO PRODUCT_OPTION_INFO (PRODUCT_ID, PRODUCT_OPTION_ID, PRODUCT_OPTION_NAME, PRODUCT_QUANTITY) VALUES(1, 1, '21인치', 10);
INSERT INTO PRODUCT_OPTION_INFO (PRODUCT_ID, PRODUCT_OPTION_ID, PRODUCT_OPTION_NAME, PRODUCT_QUANTITY) VALUES(1, 2, '24인치', 10);
INSERT INTO PRODUCT_OPTION_INFO (PRODUCT_ID, PRODUCT_OPTION_ID, PRODUCT_OPTION_NAME, PRODUCT_QUANTITY) VALUES(1, 3, '28인치', 10);
INSERT INTO PRODUCT_OPTION_INFO (PRODUCT_ID, PRODUCT_OPTION_ID, PRODUCT_OPTION_NAME, PRODUCT_QUANTITY) VALUES(1, 4, '34인치', 10);

INSERT INTO PRODUCT_OPTION_INFO (PRODUCT_ID, PRODUCT_OPTION_ID, PRODUCT_OPTION_NAME, PRODUCT_QUANTITY) VALUES(2, 1, 'i3', 10);
INSERT INTO PRODUCT_OPTION_INFO (PRODUCT_ID, PRODUCT_OPTION_ID, PRODUCT_OPTION_NAME, PRODUCT_QUANTITY) VALUES(2, 2, 'i5', 10);
INSERT INTO PRODUCT_OPTION_INFO (PRODUCT_ID, PRODUCT_OPTION_ID, PRODUCT_OPTION_NAME, PRODUCT_QUANTITY) VALUES(2, 3, 'i7', 10);

INSERT INTO PRODUCT_OPTION_INFO (PRODUCT_ID, PRODUCT_OPTION_ID, PRODUCT_OPTION_NAME, PRODUCT_QUANTITY) VALUES(3, 1, '3중날', 10);
INSERT INTO PRODUCT_OPTION_INFO (PRODUCT_ID, PRODUCT_OPTION_ID, PRODUCT_OPTION_NAME, PRODUCT_QUANTITY) VALUES(3, 2, '4중날', 10);
INSERT INTO PRODUCT_OPTION_INFO (PRODUCT_ID, PRODUCT_OPTION_ID, PRODUCT_OPTION_NAME, PRODUCT_QUANTITY) VALUES(3, 3, '5중날', 10);

INSERT INTO PRODUCT_OPTION_INFO (PRODUCT_ID, PRODUCT_OPTION_ID, PRODUCT_OPTION_NAME, PRODUCT_QUANTITY) VALUES(4, 1, '청축', 10);
INSERT INTO PRODUCT_OPTION_INFO (PRODUCT_ID, PRODUCT_OPTION_ID, PRODUCT_OPTION_NAME, PRODUCT_QUANTITY) VALUES(4, 2, '적축', 10);
INSERT INTO PRODUCT_OPTION_INFO (PRODUCT_ID, PRODUCT_OPTION_ID, PRODUCT_OPTION_NAME, PRODUCT_QUANTITY) VALUES(4, 3, '갈축', 10);

INSERT INTO PRODUCT_OPTION_INFO (PRODUCT_ID, PRODUCT_OPTION_ID, PRODUCT_OPTION_NAME, PRODUCT_QUANTITY) VALUES(5, 1, '아이폰', 10);
INSERT INTO PRODUCT_OPTION_INFO (PRODUCT_ID, PRODUCT_OPTION_ID, PRODUCT_OPTION_NAME, PRODUCT_QUANTITY) VALUES(5, 2, '갤럭시', 10);

INSERT INTO PRODUCT_OPTION_INFO (PRODUCT_ID, PRODUCT_OPTION_ID, PRODUCT_OPTION_NAME, PRODUCT_QUANTITY) VALUES(6, 1, '레이저', 10);
INSERT INTO PRODUCT_OPTION_INFO (PRODUCT_ID, PRODUCT_OPTION_ID, PRODUCT_OPTION_NAME, PRODUCT_QUANTITY) VALUES(6, 2, '로지텍', 10);

INSERT INTO PRODUCT_OPTION_INFO (PRODUCT_ID, PRODUCT_OPTION_ID, PRODUCT_OPTION_NAME, PRODUCT_QUANTITY) VALUES(7, 1, '무선', 10);
INSERT INTO PRODUCT_OPTION_INFO (PRODUCT_ID, PRODUCT_OPTION_ID, PRODUCT_OPTION_NAME, PRODUCT_QUANTITY) VALUES(7, 2, '유선', 10);

INSERT INTO PRODUCT_OPTION_INFO (PRODUCT_ID, PRODUCT_OPTION_ID, PRODUCT_OPTION_NAME, PRODUCT_QUANTITY) VALUES(8, 1, '매쉬', 10);
INSERT INTO PRODUCT_OPTION_INFO (PRODUCT_ID, PRODUCT_OPTION_ID, PRODUCT_OPTION_NAME, PRODUCT_QUANTITY) VALUES(8, 2, '가죽', 10);
INSERT INTO PRODUCT_OPTION_INFO (PRODUCT_ID, PRODUCT_OPTION_ID, PRODUCT_OPTION_NAME, PRODUCT_QUANTITY) VALUES(8, 3, '인조가죽', 10);

INSERT INTO PRODUCT_OPTION_INFO (PRODUCT_ID, PRODUCT_OPTION_ID, PRODUCT_OPTION_NAME, PRODUCT_QUANTITY) VALUES(9, 1, '세탁기만', 10);
INSERT INTO PRODUCT_OPTION_INFO (PRODUCT_ID, PRODUCT_OPTION_ID, PRODUCT_OPTION_NAME, PRODUCT_QUANTITY) VALUES(9, 2, 'AI세탁기', 10);
INSERT INTO PRODUCT_OPTION_INFO (PRODUCT_ID, PRODUCT_OPTION_ID, PRODUCT_OPTION_NAME, PRODUCT_QUANTITY) VALUES(9, 3, '세탁기와건조기', 10);

INSERT INTO PRODUCT_OPTION_INFO (PRODUCT_ID, PRODUCT_OPTION_ID, PRODUCT_OPTION_NAME, PRODUCT_QUANTITY) VALUES(10, 1, '40인치', 10);
INSERT INTO PRODUCT_OPTION_INFO (PRODUCT_ID, PRODUCT_OPTION_ID, PRODUCT_OPTION_NAME, PRODUCT_QUANTITY) VALUES(10, 2, '50인치', 10);
INSERT INTO PRODUCT_OPTION_INFO (PRODUCT_ID, PRODUCT_OPTION_ID, PRODUCT_OPTION_NAME, PRODUCT_QUANTITY) VALUES(10, 3, '60인치', 10);

